	

	adriano.gebgomes@gmail.com 	 Adriano Gebert Gomes  	
	cristiano.daitx@gmail.com 	 Cristiano Ribeiro
	evairsevero@gmail.com 	 	 Evaír Borges  	 
	ezequielbutzke@gmail.com 	 Ezequielbutzke  
	fabiano.babao@gmail.com 	 Fabiano Cassol  
	holissonsud@gmail.com 	 	 Holisson Soares 
	lucasemabreu@gmail.com 	 	 Lucas Abreu  	 
	saldanha.jader@gmail.com 	 Jader  	 
	thaysonr.karlinski@gmail.com 	 Thayson Rafael Karlinski 

